{
  "intents": [
    {
      "tag": "Saludo",
      "patterns": [
        "Hola",
        "Hey",
        "¿Como estas?",
        "¿Hay alguien ahi?",
        "Buenos dias",
        "Buenos noches",
        "Buenos tardes"
      ],
      "responses": [
        "Hola, bienvenido a cafe Shrule",
        "Hola, gracias por contactarnos",
        "Bienvenido",
        "Buenas, estoy para ayudarte"
      ]
    },
    {
      "tag": "Despedida",
      "patterns": ["Nos vemos", "Adios", "Bye"],
      "responses": [
        "Nos vemos luego, gracias por visitarnos",
        "Que tengas un excelente dia",
        "Adios! nos vemos luego",
        "Espero volver a saber de ti"
      ]
    },
    {
      "tag": "Agradecimiento",
      "patterns": ["Gracias", "Muchas gracias"],
      "responses": ["Encantado de ayudarte!", "Lo que necesites!", "Un placer ayudarte"]
    },
    {
      "tag": "Porductos",
      "patterns": [
        "¿Que vendes?",
        "¿Que tipo de cafe venden?",
        "¿Que ofrecen?",
        "tienen cafe",
        "que tienen?",
        "que ofreces?",
        "dime el menu",
        "cual es el menu"
      ],
      "responses": [
        "Menu: \n  -Cafe normal\n  -Cafe con cafe\n  -Cafe con algo de cafe\n  -Cafe con mucho cafe\n  -Cafe sin nada de cafe"
      ]
    },
    {
      "tag": "Pagos",
      "patterns": [
        "Aceptan tarjeta de credito?",
        "Aceptan tarjeta de debito?",
        "Puedo pagar con paypal?",
        "Aceptan efectivo?",
        "Aceptan dinero"
      ],
      "responses": [
        "Aceptamos todo tipo de metodos de pago",
        "Claro, aceptamos pagos con tarjeta y en efectivo"
      ]
    },
    {
      "tag": "Reparto",
      "patterns": [
        "Tienen entrega?",
        "Entregan a domicilio?",
        "Hacen pedidos a domicilio?"
      ],
      "responses": [
        "Si, tenemos entrega a domicilio con un periodo de entrega de 30 minutos",
        "Claro, tenemos entrega a domicilio",
        "Si, solicita tu pedido"
      ]
    }
  ]
}
